"Qty";"Value";"Device";"Package";"Parts";"Description";"";
"1";"";"R_CHIP-0603(1608-METRIC)";"RESC1608X60";"R51";"Resistor Fixed - Generic";"";
"9";"0.1u";"C_CHIP-0603(1608-METRIC)";"CAPC1608X85";"C22, C49, C50, C51, C52, C54, C55, C56, C60";"Capacitor - Generic";"";
"2";"0u1";"C_CHIP-0603(1608-METRIC)";"CAPC1608X85";"C21, C58";"Capacitor - Generic";"";
"1";"100";"R-US_CHIP-0805(2012-METRIC)";"RESC2012X65";"RVD";"Resistor Fixed - ANSI";"";
"1";"100";"R_CHIP-0603(1608-METRIC)";"RESC1608X60";"R53";"Resistor Fixed - Generic";"";
"1";"100";"R_CHIP-0805(2012-METRIC)";"RESC2012X65";"RCB";"Resistor Fixed - Generic";"";
"1";"100k";"R_CHIP-0603(1608-METRIC)";"RESC1608X60";"R52";"Resistor Fixed - Generic";"";
"2";"100n";"C_CHIP-0603(1608-METRIC)";"CAPC1608X85";"CIN1, CIN2";"Capacitor - Generic";"";
"1";"100n";"C_CHIP-0805(2012-METRIC)";"CAPC2012X110";"CVD";"Capacitor - Generic";"";
"2";"100p";"C_CHIP-0603(1608-METRIC)";"CAPC1608X85";"C25, C26";"Capacitor - Generic";"";
"1";"10E";"R-US_CHIP-0805(2012-METRIC)";"RESC2012X65";"R11";"Resistor Fixed - ANSI";"";
"2";"10E";"R_CHIP-0603(1608-METRIC)";"RESC1608X60";"R7, R8";"Resistor Fixed - Generic";"";
"1";"10K";"R_CHIP-0603(1608-METRIC)";"RESC1608X60";"R39";"Resistor Fixed - Generic";"";
"9";"10k";"R_CHIP-0603(1608-METRIC)";"RESC1608X60";"R16, R24, R27, R31, R35, R41, R43, R45, R47";"Resistor Fixed - Generic";"";
"1";"10n";"C_CHIP-0805(2012-METRIC)";"CAPC2012X110";"C11";"Capacitor - Generic";"";
"23";"10u";"C_CHIP-0805(2012-METRIC)";"CAPC2012X110";"C2, C3, C4, C5, C6, C7, C15, C16, C17, C18, C19, C20, C32, C33, C35, C36, C39, C41, C42, C45, C47, C48, C53";"Capacitor - Generic";"";
"1";"133K";"R_CHIP-0603(1608-METRIC)";"RESC1608X60";"R40";"Resistor Fixed - Generic";"";
"1";"154K";"R_CHIP-0603(1608-METRIC)";"RESC1608X60";"R38";"Resistor Fixed - Generic";"";
"1";"15p";"C_CHIP-0603(1608-METRIC)";"CAPC1608X85";"C28";"Capacitor - Generic";"";
"1";"160";"R_CHIP-0805(2012-METRIC)";"RESC2012X65";"RCB2";"Resistor Fixed - Generic";"";
"1";"18k";"R_CHIP-0603(1608-METRIC)";"RESC1608X60";"R15";"Resistor Fixed - Generic";"";
"1";"1E";"R_CHIP-0805(2012-METRIC)";"RESC2012X65";"R4";"Resistor Fixed - Generic";"";
"1";"1n";"C_CHIP-0805(2012-METRIC)";"CAPC2012X110";"C59";"Capacitor - Generic";"";
"1";"1n8";"C_CHIP-0603(1608-METRIC)";"CAPC1608X85";"C30";"Capacitor - Generic";"";
"2";"1u";"C_CHIP-0603(1608-METRIC)";"CAPC1608X85";"C57, C61";"Capacitor - Generic";"";
"2";"1u";"C_CHIP-0805(2012-METRIC)";"CAPC2012X110";"C1, C24";"Capacitor - Generic";"";
"1";"2.2uH";"WE-XHMI_8080_74439358022";"WE-XHMI_8080";"L5";"WE-XHMI SMT Power Inductor";"";
"2";"200k";"R_CHIP-0603(1608-METRIC)";"RESC1608X60";"R10, R14";"Resistor Fixed - Generic";"";
"5";"2053380004CON_2053380004";"2053380004CON_2053380004";"CON_2053380004";"2S_0, 2S_1, 6S_0, 7S_0, 7S_1";"";"";
"3";"20k";"R_CHIP-0603(1608-METRIC)";"RESC1608X60";"R29, R33, R37";"Resistor Fixed - Generic";"";
"2";"20m";"R-US_CHIP-0805(2012-METRIC)";"RESC2012X65";"RAC, RSR";"Resistor Fixed - ANSI";"";
"3";"20m";"R_CHIP-0805(2012-METRIC)";"RESC2012X65";"R48, R49, R50";"Resistor Fixed - Generic";"";
"1";"220k";"R_CHIP-0603(1608-METRIC)";"RESC1608X60";"R13";"Resistor Fixed - Generic";"";
"3";"22n";"C_CHIP-0805(2012-METRIC)";"CAPC2012X110";"C14, C37, C43";"Capacitor - Generic";"";
"3";"22nF";"C_CHIP-0805(2012-METRIC)";"CAPC2012X110";"C31, C38, C44";"Capacitor - Generic";"";
"1";"260";"R_CHIP-0805(2012-METRIC)";"RESC2012X65";"RCB1";"Resistor Fixed - Generic";"";
"1";"2E2";"R-US_CHIP-0805(2012-METRIC)";"RESC2012X65";"R1";"Resistor Fixed - ANSI";"";
"4";"2u2";"C_CHIP-0805(2012-METRIC)";"CAPC2012X110";"C23, C34, C40, C46";"Capacitor - Generic";"";
"2";"300k";"R_CHIP-0603(1608-METRIC)";"RESC1608X60";"R9, R25";"Resistor Fixed - Generic";"";
"1";"300n";"C_CHIP-0603(1608-METRIC)";"CAPC1608X85";"CCD";"Capacitor - Generic";"";
"3";"330k";"R_CHIP-0603(1608-METRIC)";"RESC1608X60";"R28, R32, R36";"Resistor Fixed - Generic";"";
"2";"33n";"C_CHIP-0603(1608-METRIC)";"CAPC1608X85";"C8, C9";"Capacitor - Generic";"";
"1";"33p";"C_CHIP-0603(1608-METRIC)";"CAPC1608X85";"C29";"Capacitor - Generic";"";
"1";"390k";"R_CHIP-0603(1608-METRIC)";"RESC1608X60";"R12";"Resistor Fixed - Generic";"";
"1";"39k";"R_CHIP-0603(1608-METRIC)";"RESC1608X60";"R23";"Resistor Fixed - Generic";"";
"1";"4.7uH";"WE-XHMI_8080_74439358047";"WE-XHMI_8080";"L2";"WE-XHMI SMT Power Inductor";"";
"1";"40k2";"R_CHIP-0603(1608-METRIC)";"RESC1608X60";"R17";"Resistor Fixed - Generic";"";
"1";"470n";"C_CHIP-0805(2012-METRIC)";"CAPC2012X110";"C10";"Capacitor - Generic";"";
"3";"47k";"R_CHIP-0603(1608-METRIC)";"RESC1608X60";"R26, R30, R34";"Resistor Fixed - Generic";"";
"2";"47n";"C_CHIP-0805(2012-METRIC)";"CAPC2012X110";"C12, C13";"Capacitor - Generic";"";
"2";"5E";"R_CHIP-0603(1608-METRIC)";"RESC1608X60";"R2, R5";"Resistor Fixed - Generic";"";
"1";"680p";"C_CHIP-0603(1608-METRIC)";"CAPC1608X85";"C27";"Capacitor - Generic";"";
"2";"8.2uH";"WE-XHMI_7070_74439387082";"WE-XHMI_7070";"L3, L4";"WE-XHMI SMT Power Inductor";"";
"3";"91k";"R_CHIP-0603(1608-METRIC)";"RESC1608X60";"R42, R44, R46";"Resistor Fixed - Generic";"";
"1";"ADS1110A0IDBVRDBV6-M";"ADS1110A0IDBVRDBV6-M";"DBV6-M";"HEAT_TEMP";"";"";
"1";"BQ25713RSNR";"BQ25713RSNR";"RSN0032B_CUSTOM";"U1";"";"";
"1";"BQ29209DRBR";"BQ29209DRBR";"SON65P300X300X100-9N";"U2";"Check availability";"";
"5";"CSD17551Q3ADNH0008A";"CSD17551Q3ADNH0008A";"DNH0008A";"MN1, MN2, MN3, MN4, MN5";"";"";
"1";"CSD25402Q3ACSD25402Q3A";"CSD25402Q3ACSD25402Q3A";"CSD25402Q3A";"MP1";"";"";
"2";"ESQ-126-39-G-DCONN_ESQ-126-39-G-D_SAI";"ESQ-126-39-G-DCONN_ESQ-126-39-G-D_SAI";"CONN_ESQ-126-39-G-D_SAI";"J1, J2";"";"";
"3";"INA232AIDDFRSOT_32AIDDFR_TEX-M";"INA232AIDDFRSOT_32AIDDFR_TEX-M";"SOT_32AIDDFR_TEX-M";"2S_SENSE, 6S_SENSE, 7S_SENSE";"";"";
"3";"LTC3130EMSEPBFMSE_16_ADI-M";"LTC3130EMSEPBFMSE_16_ADI-M";"MSE_16_ADI-M";"2S, 6S, 7S";"";"";
"1";"MCP4728A0T-E/UNMSOP10_MC_MCH-M";"MCP4728A0T-E/UNMSOP10_MC_MCH-M";"MSOP10_MC_MCH-M";"DAC";"";"";
"1";"PINHD-1X2";"PINHD-1X2";"1X02";"MPPT_SEPARATOR";"PIN HEADER";"";
"6";"SWITCH_PAD_3";"SWITCH_PAD_3";"SWITCH_PAD_3";"U$2, U$3, U$4, U$5, U$6, U$11";"";"";
"1";"TLV9004IDRD14_TEX-M";"TLV9004IDRD14_TEX-M";"D14_TEX-M";"AMP";"";"";
"1";"TS4061BICT-1.25SOT323-3L_1P35X2P2X0P65_STM-M";"TS4061BICT-1.25SOT323-3L_1P35X2P2X0P65_STM-M";"SOT323-3L_1P35X2P2X0P65_STM-M";"REF";"";"";
